eRetailer,online_store,category,brand,is_competitor,product_description,url,sku_url,sku,sku_id,retailer_product_code,latest_review_date,image_url,total,total_comments,last_month_total,last_total_comments,note,prod_attributes1,prod_attributes2,prod_attributes3,prod_attributes4,prod_attributes5,status
Tmall,Tmall_Others,POWER BRUSH,Usmile,1,笑容加usmile电动牙刷七夕情侣男女成人学生党礼物礼盒1件装,https://detail.tmall.com/item.htm?id=775693823612,,颜色分类:卓效清新牙膏120g,,7.76E+11,12/14/2025,,7,1-100,2,1-100,note1,,,,,,
Tmall,Tmall_Others,POWER BRUSH,Usmile,1,笑容加usmile牙刷头缓震基础清洁款替换头适配P10全系成人电动刷,https://detail.tmall.com/item.htm?id=596497709445,,颜色分类:【限时6支优惠 基础】共清洁×6,5.95E+12,5.96E+11,11/16/2025,,1,1-100,1,1-100,note2,Power Brush,Px,Entry,P10,Adults,P10
Tmall,Tmall_Others,POWER BRUSH,Usmile,1,笑容加usmile电动牙刷智能自动成人情侣送男女朋友生日礼物盒P10,https://detail.tmall.com/item.htm?id=734319938968,,颜色分类:P1-月牙白【高效洁齿 超性价比】,6.12E+12,7.34E+11,12/15/2025,,2,1-100,1,1-100,Power Brush,Px,Entry,P10,Adults,P10,
Tmall,Tmall_Others,POWER BRUSH,Usmile,1,笑容加usmile电动牙刷头官方原装成人儿童通用替换头Y30/P10/Y20,https://detail.tmall.com/item.htm?id=736912558224,,颜色分类:缓震呵护刷头-4支,6.11E+12,7.37E+11,12/10/2025,,1,1-100,1,1-100,,,,,,,
Tmall,Tmall_Others,POWER BRUSH,Usmile,1,【儿童礼物】usmile笑容加儿童电动牙刷软毛3-6-12岁防蛀刷A10,https://detail.tmall.com/item.htm?id=737093398318,,颜色分类:A10-幻动蓝【今日送儿童牙膏】,6.12E+12,7.37E+11,11/11/2025,,2,1-100,2,1-100,Power Brush,Ax,Mid,A10,Kids,A10,
Tmall,Tmall_Others,POWER BRUSH,Usmile,1,【儿童礼物】usmile笑容加儿童电动牙刷软毛3-6-12岁防蛀刷A10,https://detail.tmall.com/item.htm?id=737093398318,,颜色分类:A10-灵柔粉【成本价到手4刷头】,6.12E+12,7.37E+11,12/16/2025,,3,1-100,3,1-100,Power Brush,Ax,Mid,A10,Kids,A10,
Tmall,Tmall_Others,POWER BRUSH,Usmile,1,usmile笑容加电动牙刷智能自动成人男女情侣款生日送礼物盒P10PRO,https://detail.tmall.com/item.htm?id=739790696400,,颜色分类:P1经典版-精灵蓝【柔护净齿 入门之选】,5.95E+12,7.40E+11,12/5/2025,,3,1-100,2,1-100,Power Brush,Px,Entry,P10 PRO,Adults,P10PRO,
Tmall,Tmall_Others,POWER BRUSH,Usmile,1,【樊振东代言】笑容加usmile成人电动牙刷情侣款礼物礼盒装Y20,https://detail.tmall.com/item.htm?id=742277016609,,颜色分类:Y20暮紫-【成本价升级4刷头】,5.92E+12,7.42E+11,12/18/2025,,1,1-100,1,1-100,Power Brush,Yx,Mid,Y20,Adults,Y20,
Tmall,Tmall_Others,POWER BRUSH,Usmile,1,笑容加usmile儿童电动牙刷头宝宝软毛防蛀通用替换头Q20/Q10/A10,https://detail.tmall.com/item.htm?id=757033344348,,商品规格:MINI全效刷头-4支,6.11E+12,7.57E+11,12/9/2025,,3,1-100,2,1-100,,,,,,,
Tmall,Tmall_Others,POWER BRUSH,Usmile,1,笑容加usmile儿童电动牙刷头宝宝软毛防蛀通用替换头Q20/Q10/A10,https://detail.tmall.com/item.htm?id=757033344348,,商品规格:MINI全效2支+缓震清洁2支,6.11E+12,7.57E+11,11/2/2025,,1,1-100,1,1-100,,,,,,,
Tmall,Tmall_Others,POWER BRUSH,Usmile,1,笑容加usmile牙刷头缓震基础清洁款替换头适配P10全系成人电动刷,https://detail.tmall.com/item.htm?id=596497709445,,颜色分类:【限时买6送2 基础】共清洁×6+清新×2,5.90E+12,5.96E+11,11/24/2025,,2,1-100,2,1-100,Power Brush,Px,Entry,P10,Adults,P10,
Tmall,Tmall_Others,POWER BRUSH,Usmile,1,成人礼物18岁圣诞送男生成年礼生日礼物实用usmile笑容加电动牙刷,https://detail.tmall.com/item.htm?id=836736074231,,颜色分类:P1月牙白 精美礼品手拎袋[【代写贺卡】],,8.37E+11,11/22/2025,,1,1-100,1,1-100,,,,,,,
Tmall,Tmall_Others,POWER BRUSH,Usmile,1,笑容加usmile电动牙刷头成人替换缓震亮白8支装褪色刷丝软毛刷头,https://detail.tmall.com/item.htm?id=632196308891,https://item.jd.com/100242046776.html,颜色分类:【8支限时省￥157 透明类关节】共亮白×4+清洁×4,,6.32E+11,11/26/2025,,1,1-100,1,1-100,,,,,,,
Tmall,Tmall_Others,POWER BRUSH,Usmile,1,笑容加usmile电动牙刷头官方原装成人儿童通用替换头Y30/P10/Y20,https://detail.tmall.com/item.htm?id=736912558224,https://item.jd.com/100268628674.html,颜色分类:缓震亮白刷头-2支,5.80E+12,7.37E+11,12/18/2025,,2,1-100,1,1-100,,,,,,,
Tmall,Tmall_Others,POWER BRUSH,Usmile,1,笑容加usmile电动牙刷头官方原装成人儿童通用替换头Y30/P10/Y20,https://detail.tmall.com/item.htm?id=736912558224,https://item.jd.com/100270996096.html,颜色分类:儿童全效刷头-4支,5.80E+12,7.37E+11,12/7/2025,,1,1-100,1,1-100,,,,,,,
Tmall,Tmall_Others,POWER BRUSH,Usmile,1,usmile笑容加电动牙刷智能自动成人男女情侣款生日送礼物盒P10PRO,https://detail.tmall.com/item.htm?id=739790696400,https://item.jd.com/100271677502.html,颜色分类:【CP组合】P10派对粉+鸢尾蓝,5.95E+12,7.40E+11,11/28/2025,,2,1-100,2,1-100,Power Brush,Px,Entry,P10 PRO,Adults,P10PRO,
Tmall,Tmall_Others,POWER BRUSH,Usmile,1,【樊振东代言】笑容加usmile电动牙刷成人情侣礼盒套装P10/P10pro,https://detail.tmall.com/item.htm?id=829351030775,https://item.jd.com/100204901643.html,颜色分类:P10PRO冰河白【四区小圆屏 漏刷有提醒】,5.84E+12,8.29E+11,12/9/2025,,2,1-100,1,1-100,Power Brush,Px,Entry,P10 PRO,Adults,P10PRO,
Tmall,Tmall_Others,POWER BRUSH,Usmile,1,【樊振东代言】笑容加usmile电动牙刷成人情侣礼盒套装P10/P10pro,https://detail.tmall.com/item.htm?id=829351030775,https://item.jd.com/100219024597.html,颜色分类:P10鸢尾蓝【一键扫刷】,6.12E+12,8.29E+11,12/15/2025,,2,1-100,2,1-100,Power Brush,Px,Entry,P10 PRO,Adults,P10PRO,
Tmall,Tmall_Others,POWER BRUSH,Usmile,1,usmile笑容加电动牙刷智能自动成人男女情侣款生日送礼物盒P10PRO,https://detail.tmall.com/item.htm?id=739790696400,https://item.jd.com/100219024629.html,颜色分类:P1经典版-月牙白【柔护净齿 入门之选】,5.95E+12,7.40E+11,11/24/2025,,1,1-100,1,1-100,Power Brush,Px,Entry,P10 PRO,Adults,P10PRO,
Tmall,Tmall_Others,POWER BRUSH,Usmile,1,笑容加usmile儿童电动牙刷头宝宝软毛防蛀通用替换头Q20/Q10/A10,https://detail.tmall.com/item.htm?id=757033344348,https://item.jd.com/100278154622.html,商品规格:MINI清洁刷头-4支,6.11E+12,7.57E+11,11/19/2025,,1,1-100,1,1-100,,,,,,,
Tmall,Tmall_Others,POWER BRUSH,Usmile,1,usmile笑容加电动牙刷智能自动成人男女情侣款生日送礼物盒P10PRO,https://detail.tmall.com/item.htm?id=739790696400,https://item.jd.com/100292517784.html,颜色分类:P10昆仑白【一键扫刷 零门槛上手】,5.95E+12,7.40E+11,12/6/2025,,15,1-100,4,1-100,Power Brush,Px,Entry,P10 PRO,Adults,P10PRO,
Tmall,Tmall_Others,POWER BRUSH,Usmile,1,圣诞礼物送男生朋友老公高级感实用男士生日礼品笑容加电动牙刷,https://detail.tmall.com/item.htm?id=766676039831,https://item.jd.com/100291504582.html,颜色分类:Y20瓷青 时尚黑色礼盒[【代写贺卡】],,7.67E+11,11/18/2025,,51,1-100,2,1-100,Power Brush,Yx,Mid,Y20,Adults,Y20,
Tmall,Tmall_Others,POWER BRUSH,Usmile,1,新婚礼物送新娘电动牙刷一对情侣结婚订婚送新人闺蜜套装实用礼品,https://detail.tmall.com/item.htm?id=770900842573,https://haohuo.jinritemai.com/views/product/detail?id=3787325154879733920,颜色分类:喜结良缘祝福礼盒（P1月牙白+星空蓝）[【代写贺卡 刻字定制】],,7.71E+11,12/14/2025,,280,101-500,30,1-100,,,,,,,
Tmall,Tmall_Others,POWER BRUSH,Usmile,1,usmile笑容加电动牙刷生日送男生男友老公圣诞节礼物实用高级感,https://detail.tmall.com/item.htm?id=816780610295,https://item.jd.com/100220217357.html,颜色分类:P10鸢尾蓝 圣诞专属礼盒[【代写贺卡】],,8.17E+11,12/1/2025,,79,1-100,2,1-100,Power Brush,Px,Entry,P10,Adults,P10,
Tmall,Tmall_Others,POWER BRUSH,Usmile,1,USMILE笑容加便携式冲牙器C10S / C20百亿补贴,https://detail.tmall.com/item.htm?id=826454447460,https://haohuo.jinritemai.com/views/product/detail?id=3777846080411140201,规格:C20镜湖蓝,5.63E+12,8.26E+11,12/14/2025,,41,1-100,8,1-100,,,,,,,
Tmall,Tmall_Others,POWER BRUSH,Usmile,1,笑容加USMILE成人电动牙刷 P10声波振动180天长续航,https://detail.tmall.com/item.htm?id=619259911321,https://haohuo.jinritemai.com/views/product/detail?id=3780888633146474794,颜色分类:【缓震专利】P10昆仑白,,6.19E+11,11/7/2025,,2419,1001-5000,1,1-100,Power Brush,Px,Entry,P10,Adults,P10,
Tmall,Tmall_Others,POWER BRUSH,Usmile,1,百亿补贴usmile儿童声波电动牙刷声波全自动软毛充电Q4/Q10/Q20,https://detail.tmall.com/item.htm?id=826841101722,https://haohuo.jinritemai.com/views/product/detail?id=3780889685539291565,规格:Q10儿童电动牙刷 太空粉,5.55E+12,8.27E+11,12/18/2025,,31,1-100,7,1-100,Power Brush,Px,Mid,Q20,Kids,Q20,
Tmall,Tmall_Others,POWER BRUSH,Usmile,1,百亿补贴usmile儿童声波电动牙刷声波全自动软毛充电Q4/Q10/Q20,https://detail.tmall.com/item.htm?id=826841101722,https://haohuo.jinritemai.com/views/product/detail?id=3701853787577778363,规格:Q10儿童电动牙刷 宇宙蓝,5.55E+12,8.27E+11,12/17/2025,,38,1-100,12,1-100,Power Brush,Px,Mid,Q20,Kids,Q20,
Tmall,Tmall_Others,POWER BRUSH,Usmile,1,usmile笑容加电动牙刷智能自动成人男女情侣款生日送礼物盒P10PRO,https://detail.tmall.com/item.htm?id=739790696400,https://haohuo.jinritemai.com/views/product/detail?id=3615372875286114210,颜色分类:P10鸢尾蓝【一键扫刷 零门槛上手】,5.95E+12,7.40E+11,12/5/2025,,19,1-100,5,1-100,Power Brush,Px,Entry,P10 PRO,Adults,P10PRO,
Tmall,Tmall_Others,POWER BRUSH,Usmile,1,笑容加usmile电动牙刷挂架置物收纳挂钩 免打孔牢固,https://detail.tmall.com/item.htm?id=776263379387,https://haohuo.jinritemai.com/views/product/detail?id=3693311007238783102,,,7.76E+11,12/20/2025,,16,1-100,2,1-100,,,,,,,
Tmall,Tmall_Others,POWER BRUSH,Usmile,1,笑容加usmile儿童电动牙刷头官方通用替换软毛刷头Q20/Q10/A10,https://detail.tmall.com/item.htm?id=753879068434,https://haohuo.jinritemai.com/views/product/detail?id=3678272673407959420,,5.80E+12,7.54E+11,12/19/2025,,12,1-100,1,1-100,,,,,,,
Tmall,Tmall_Others,POWER BRUSH,Usmile,1,笑容加usmile儿童电动牙刷头官方通用替换软毛刷头Q20/Q10/A10,https://detail.tmall.com/item.htm?id=753879068434,https://haohuo.jinritemai.com/views/product/detail?id=3685639749206409342,,5.80E+12,7.54E+11,12/20/2025,,5,1-100,1,1-100,,,,,,,
Tmall,Tmall_Others,POWER BRUSH,Usmile,1,笑容加usmile儿童电动牙刷头官方通用替换软毛刷头Q20/Q10/A10,https://detail.tmall.com/item.htm?id=753879068434,https://haohuo.jinritemai.com/views/product/detail?id=3638177165742321269,,5.80E+12,7.54E+11,12/20/2025,,5,1-100,1,1-100,,,,,,,
Tmall,Tmall_Others,POWER BRUSH,Usmile,1,USMILE笑容加便携式冲牙器C10S / C20百亿补贴,https://detail.tmall.com/item.htm?id=826454447460,https://haohuo.jinritemai.com/views/product/detail?id=3694794164890894700,,6.02E+12,8.26E+11,12/20/2025,,15,1-100,6,1-100,,,,,,,
Tmall,Tmall_Others,POWER BRUSH,Usmile,1,笑容加usmile牙刷头缓震基础清洁款替换头适配P10全系成人电动刷,https://detail.tmall.com/item.htm?id=596497709445,https://haohuo.jinritemai.com/views/product/detail?id=3697890928485335154,,6.06E+12,5.96E+11,12/19/2025,,23,1-100,2,1-100,Power Brush,Px,Entry,P10,Adults,P10,
Tmall,Tmall_Others,POWER BRUSH,Usmile,1,USMILE儿童声波电动牙刷 A10灵柔粉防蛀牙软毛自动充电,https://detail.tmall.com/item.htm?id=789837300471,https://haohuo.jinritemai.com/views/product/detail?id=3734859034885489490,,5.95E+12,7.90E+11,12/17/2025,,2,1-100,1,1-100,Power Brush,Ax,Mid,A10,Kids,A10,
Tmall,Tmall_Others,POWER BRUSH,Usmile,1,usmile笑容加电动牙刷智能自动成人男女情侣款生日送礼物盒P10PRO,https://detail.tmall.com/item.htm?id=739790696400,https://haohuo.jinritemai.com/views/product/detail?id=3735385221940510772,,5.84E+12,7.40E+11,12/2/2025,,4,1-100,3,1-100,Power Brush,Px,Entry,P10 PRO,Adults,P10PRO,
Tmall,Tmall_Others,POWER BRUSH,Usmile,1,笑容加usmile牙刷头缓震基础清洁款替换头适配P10全系成人电动刷,https://detail.tmall.com/item.htm?id=596497709445,https://haohuo.jinritemai.com/views/product/detail?id=3743947175055458491,,6.06E+12,5.96E+11,12/19/2025,,14,1-100,3,1-100,Power Brush,Px,Entry,P10,Adults,P10,
Tmall,Tmall_Others,POWER BRUSH,Usmile,1,百亿补贴usmile儿童声波电动牙刷声波全自动软毛充电Q4/Q10/Q20,https://detail.tmall.com/item.htm?id=826841101722,https://haohuo.jinritemai.com/views/product/detail?id=3685480534735192347,,5.72E+12,8.27E+11,11/28/2025,,5,1-100,2,1-100,Power Brush,Px,Mid,Q20,Kids,Q20,
Tmall,Tmall_Others,POWER BRUSH,Usmile,1,笑容加usmile牙刷头缓震基础清洁款替换头适配P10全系成人电动刷,https://detail.tmall.com/item.htm?id=596497709445,https://haohuo.jinritemai.com/views/product/detail?id=3748543734871097746,,5.90E+12,5.96E+11,11/19/2025,,3,1-100,2,1-100,Power Brush,Px,Entry,P10,Adults,P10,
Tmall,Tmall_Others,POWER BRUSH,Usmile,1,笑容加usmile电动牙刷头官方原装成人儿童通用替换头Y30/P10/Y20,https://detail.tmall.com/item.htm?id=736912558224,https://haohuo.jinritemai.com/views/product/detail?id=3770284223617958306,,5.80E+12,7.37E+11,12/20/2025,,3,1-100,1,1-100,,,,,,,
Tmall,Tmall_Others,POWER BRUSH,Usmile,1,usmile笑容加儿童专用电动牙刷3到6岁12岁智能语音提醒微笑家Q20,https://detail.tmall.com/item.htm?id=737219703989,https://haohuo.jinritemai.com/views/product/detail?id=3771917097211396917,,5.92E+12,7.37E+11,12/1/2025,,5,1-100,4,1-100,Power Brush,Px,Mid,Q20,Kids,Q20,
Tmall,Tmall_Others,POWER BRUSH,Usmile,1,usmile笑容加儿童专用电动牙刷3到6岁12岁智能语音提醒微笑家Q20,https://detail.tmall.com/item.htm?id=737219703989,https://haohuo.jinritemai.com/views/product/detail?id=3690719413318844555,,5.95E+12,7.37E+11,12/20/2025,,7,1-100,4,1-100,Power Brush,Ax,Mid,A10,Kids,A10,
Tmall,Tmall_Others,POWER BRUSH,Usmile,1,【樊振东代言】笑容加usmile电动牙刷成人情侣礼盒套装P10/P10pro,https://detail.tmall.com/item.htm?id=829351030775,https://haohuo.jinritemai.com/views/product/detail?id=3692723573891399717,,6.12E+12,8.29E+11,11/28/2025,,2,1-100,1,1-100,Power Brush,Px,Entry,P10 PRO,Adults,P10PRO,
Tmall,Tmall_Others,POWER BRUSH,Usmile,1,笑容加usmile电动牙刷头缓震款替换通用成人褪色软毛官方原装适配,https://detail.tmall.com/item.htm?id=740153838626,https://haohuo.jinritemai.com/views/product/detail?id=3765273671879491734,,5.94E+12,7.40E+11,11/12/2025,,1,1-100,1,1-100,,,,,,,
Tmall,Tmall_Others,POWER BRUSH,Usmile,1,笑容加usmile电动牙刷头缓震款替换通用成人褪色软毛官方原装适配,https://detail.tmall.com/item.htm?id=740153838626,https://haohuo.jinritemai.com/views/product/detail?id=3752904616954691877,,6.11E+12,7.40E+11,12/20/2025,,1,1-100,1,1-100,,,,,,,
Tmall,Tmall_Others,POWER BRUSH,Usmile,1,笑容加usmile电动牙刷头缓震款替换通用成人褪色软毛官方原装适配,https://detail.tmall.com/item.htm?id=740153838626,https://haohuo.jinritemai.com/views/product/detail?id=3716094937041862759,,6.11E+12,7.40E+11,12/19/2025,,10,1-100,9,1-100,,,,,,,
Tmall,Tmall_Others,POWER BRUSH,Usmile,1,百亿补贴usmile儿童声波电动牙刷声波全自动软毛充电Q4/Q10/Q20,https://detail.tmall.com/item.htm?id=826841101722,https://haohuo.jinritemai.com/views/product/detail?id=3704376009185952141,,5.72E+12,8.27E+11,12/20/2025,,61,1-100,1,1-100,Power Brush,Px,Mid,Q20,Kids,Q20,
Tmall,Tmall_Others,POWER BRUSH,Usmile,1,笑容加usmile牙刷头缓震基础清洁款替换头适配P10全系成人电动刷,https://detail.tmall.com/item.htm?id=596497709445,https://haohuo.jinritemai.com/views/product/detail?id=3696463992223564087,,6.06E+12,5.96E+11,11/27/2025,,3,1-100,2,1-100,Power Brush,Px,Entry,P10,Adults,P10,
Tmall,Tmall_Others,POWER BRUSH,Usmile,1,usmile笑容加电动牙刷P10生日礼物送女生女友老婆高级送男友男士,https://detail.tmall.com/item.htm?id=817911994069,https://haohuo.jinritemai.com/views/product/detail?id=3671568648050442616,,,8.18E+11,12/1/2025,,45,1-100,5,1-100,Power Brush,Px,Entry,P10,Adults,P10,
Tmall,Tmall_Others,POWER BRUSH,Usmile,1,usmile笑容加电动牙刷智能自动成人男女情侣款生日送礼物盒P10PRO,https://detail.tmall.com/item.htm?id=739790696400,https://haohuo.jinritemai.com/views/product/detail?id=3717949437348282774,,5.95E+12,7.40E+11,12/6/2025,,13,1-100,2,1-100,Power Brush,Px,Entry,P10 PRO,Adults,P10PRO,
Tmall,Tmall_Others,POWER BRUSH,Usmile,1,usmile笑容加电动牙刷头替换通用成人褪色软毛官方原装适配刷头,https://detail.tmall.com/item.htm?id=770964914483,https://haohuo.jinritemai.com/views/product/detail?id=3713479067857715238,,5.45E+12,7.71E+11,12/14/2025,,5,1-100,2,1-100,,,,,,,
Tmall,Tmall_Others,POWER BRUSH,Usmile,1,笑容加usmile牙刷头缓震基础清洁款替换头适配P10全系成人电动刷,https://detail.tmall.com/item.htm?id=596497709445,https://haohuo.jinritemai.com/views/product/detail?id=3692196360305639781,,6.06E+12,5.96E+11,11/30/2025,,3,1-100,2,1-100,Power Brush,Px,Entry,P10,Adults,P10,
Tmall,Tmall_Others,POWER BRUSH,Usmile,1,usmile笑容加电动牙刷智能自动成人男女情侣款生日送礼物盒P10PRO,https://detail.tmall.com/item.htm?id=739790696400,https://haohuo.jinritemai.com/views/product/detail?id=3671749893522849873,,6.06E+12,7.40E+11,11/29/2025,,2,1-100,2,1-100,Power Brush,Px,Entry,P10 PRO,Adults,P10PRO,
Tmall,Tmall_Others,POWER BRUSH,Usmile,1,USMILE儿童声波电动牙刷 A10灵柔粉防蛀牙软毛自动充电,https://detail.tmall.com/item.htm?id=789837300471,https://haohuo.jinritemai.com/views/product/detail?id=3637799713270586946,,5.91E+12,7.90E+11,12/17/2025,,1,1-100,1,1-100,Power Brush,Ax,Mid,A10,Kids,A10,
Tmall,Tmall_Others,POWER BRUSH,Usmile,1,百亿补贴usmile儿童声波电动牙刷声波全自动软毛充电Q4/Q10/Q20,https://detail.tmall.com/item.htm?id=826841101722,https://haohuo.jinritemai.com/views/product/detail?id=3680803424728907972,,5.72E+12,8.27E+11,11/30/2025,,2,1-100,1,1-100,Power Brush,Px,Mid,Q20,Kids,Q20,
Tmall,Tmall_Others,POWER BRUSH,Usmile,1,笑容加USMILE成人电动牙刷 P10声波振动180天长续航,https://detail.tmall.com/item.htm?id=619259911321,https://haohuo.jinritemai.com/views/product/detail?id=3697716731096203755,,6.10E+12,6.19E+11,12/18/2025,,2,1-100,1,1-100,Power Brush,Px,Entry,P10,Adults,P10,
Tmall,Tmall_Others,POWER BRUSH,Usmile,1,笑容加usmile电动牙刷头官方原装成人儿童通用替换头Y30/P10/Y20,https://detail.tmall.com/item.htm?id=736912558224,https://haohuo.jinritemai.com/views/product/detail?id=3681581586945540460,,5.80E+12,7.37E+11,12/15/2025,,2,1-100,2,1-100,,,,,,,
Tmall,Tmall_Others,POWER BRUSH,Usmile,1,笑容加usmile电动牙刷头官方原装成人儿童通用替换头Y30/P10/Y20,https://detail.tmall.com/item.htm?id=736912558224,https://haohuo.jinritemai.com/views/product/detail?id=3771231766342402112,,6.11E+12,7.37E+11,11/13/2025,,1,1-100,1,1-100,,,,,,,
Tmall,Tmall_Others,POWER BRUSH,Usmile,1,笑容加usmile电动牙刷头官方原装成人儿童通用替换头Y30/P10/Y20,https://detail.tmall.com/item.htm?id=736912558224,https://haohuo.jinritemai.com/views/product/detail?id=3704809375647531035,,6.12E+12,7.37E+11,12/18/2025,,1,1-100,1,1-100,,,,,,,
Tmall,Tmall_Others,POWER BRUSH,Usmile,1,usmile笑容加儿童专用电动牙刷3到6岁12岁智能语音提醒微笑家Q20,https://detail.tmall.com/item.htm?id=737219703989,https://haohuo.jinritemai.com/views/product/detail?id=3749490199483253648,,5.92E+12,7.37E+11,12/16/2025,,3,1-100,2,1-100,Power Brush,Px,Mid,Q20,Kids,Q20,
Tmall,Tmall_Others,POWER BRUSH,Usmile,1,usmile笑容加儿童专用电动牙刷3到6岁12岁智能语音提醒微笑家Q20,https://detail.tmall.com/item.htm?id=737219703989,https://haohuo.jinritemai.com/views/product/detail?id=3714072580613865741,,5.95E+12,7.37E+11,12/4/2025,,1,1-100,1,1-100,Power Brush,Px,Mid,Q20,Kids,Q20,
Tmall,Tmall_Others,POWER BRUSH,Usmile,1,usmile笑容加儿童专用电动牙刷3到6岁12岁智能语音提醒微笑家Q20,https://detail.tmall.com/item.htm?id=737219703989,https://haohuo.jinritemai.com/views/product/detail?id=3765040365011337341,,5.95E+12,7.37E+11,11/19/2025,,2,1-100,2,1-100,Power Brush,Px,Mid,Q20,Kids,Q20,
Tmall,Tmall_Others,POWER BRUSH,Usmile,1,usmile笑容加电动牙刷智能自动成人男女情侣款生日送礼物盒P10PRO,https://detail.tmall.com/item.htm?id=739790696400,https://item.jd.com/100144731624.html,,5.95E+12,7.40E+11,11/12/2025,,1,1-100,1,1-100,Power Brush,Px,Entry,P10 PRO,Adults,P10PRO,
Tmall,Tmall_Others,POWER BRUSH,Usmile,1,【樊振东代言】笑容加usmile电动牙刷成人情侣礼盒套装P10/P10pro,https://detail.tmall.com/item.htm?id=829351030775,https://haohuo.jinritemai.com/views/product/detail?id=3767877996090884442,,6.12E+12,8.29E+11,12/8/2025,,1,1-100,1,1-100,Power Brush,Px,Entry,P10 PRO,Adults,P10PRO,
Tmall,Tmall_Others,POWER BRUSH,Usmile,1,【儿童礼物】usmile笑容加儿童电动牙刷软毛3-6-12岁防蛀刷A10,https://detail.tmall.com/item.htm?id=737093398318,https://item.jd.com/10110389053595.html,,5.85E+12,7.37E+11,11/9/2025,,4,1-100,1,1-100,Power Brush,Ax,Mid,A10,Kids,A10,
Tmall,Tmall_Others,POWER BRUSH,Usmile,1,usmile笑容加儿童电动牙刷头替换宝宝软毛防蛀Q20通用款适用3岁+,https://detail.tmall.com/item.htm?id=596858711210,https://item.jd.com/10182029248179.html,,5.61E+12,5.97E+11,12/18/2025,,1,1-100,1,1-100,,,,,,,
Tmall,Tmall_Others,POWER BRUSH,Usmile,1,usmile笑容加儿童电动牙刷头替换宝宝软毛防蛀Q20通用款适用3岁+,https://detail.tmall.com/item.htm?id=596858711210,https://item.jd.com/100218430915.html,,5.92E+12,5.97E+11,11/18/2025,,1,1-100,1,1-100,,,,,,,
Tmall,Tmall_Others,POWER BRUSH,Usmile,1,笑容加usmile电动牙刷智能自动成人情侣送男女朋友生日礼物盒P10,https://detail.tmall.com/item.htm?id=734319938968,https://item.jd.com/100219188275.html,,6.13E+12,7.34E+11,12/16/2025,,1,1-100,1,1-100,Power Brush,Px,Entry,P10,Adults,P10,
Tmall,Tmall_Others,POWER BRUSH,Usmile,1,笑容加usmile电动牙刷头官方原装成人儿童通用替换头Y30/P10/Y20,https://detail.tmall.com/item.htm?id=736912558224,https://item.jd.com/100219188305.html,,5.95E+12,7.37E+11,11/23/2025,,1,1-100,1,1-100,,,,,,,
Tmall,Tmall_Others,POWER BRUSH,Usmile,1,结婚礼物送新娘电动牙刷新婚送礼实用礼盒组订婚七夕创意礼品可定制祝福,https://detail.tmall.com/item.htm?id=777567585340,https://item.jd.com/100289393844.html,,,7.78E+11,11/25/2025,,54,1-100,1,1-100,,,,,,,
Tmall,Tmall_Others,POWER BRUSH,Usmile,1,男生礼物圣诞送男生男友男士实用高级感轻奢usmile笑容加电动牙刷,https://detail.tmall.com/item.htm?id=802540230554,https://item.jd.com/100292517762.html,,,8.03E+11,12/12/2025,,31,1-100,1,1-100,,,,,,,
Tmall,Tmall_Others,POWER BRUSH,Usmile,1,usmile笑容加电动牙刷送妈妈生日圣诞礼物高级礼品送母亲父母婆婆,https://detail.tmall.com/item.htm?id=766673046945,https://item.jd.com/100292517782.html,,,7.67E+11,12/6/2025,,85,1-100,1,1-100,,,,,,,
JINGDONG,JINGDONG,ORAL CARE,Usmile,1,usmile笑容加刷头缓震基础清洁款-2支装替换头适配P10P20PRO牙刷头成人,https://item.jd.com/100242046776.html,,,,1.00E+11,12/20/2025,,179,101-500,110,101-500,,,,,,,
JINGDONG,JINGDONG,ORAL CARE,Usmile,1,usmile笑容加刷头缓震基础清洁款-2支装替换头适配P10P20PRO牙刷头成人,https://item.jd.com/100268628674.html,,,,1.00E+11,12/20/2025,,177,101-500,108,101-500,,,,,,,
JINGDONG,JINGDONG,ORAL CARE,Usmile,1,usmile笑容加青少年牙膏焕白清新牙膏110g云上葡萄,https://item.jd.com/100270996096.html,,,,1.00E+11,12/19/2025,,29,1-100,12,1-100,,,,,,,
JINGDONG,JINGDONG,ORAL CARE,Usmile,1,usmile笑容加吸色亮白牙膏100g&晨间速净牙膏120g,https://item.jd.com/100271677502.html,,,,1.00E+11,12/17/2025,,7,1-100,5,1-100,,,,,,,
JINGDONG,JINGDONG,ORAL CARE,Usmile,1,usmile笑容加儿童牙膏防蛀护齿儿童牙膏草莓味&蜜桃味130g,https://item.jd.com/100204901643.html,,,,1.00E+11,12/18/2025,,11,1-100,4,1-100,,,,,,,
JINGDONG,JINGDONG,ORAL CARE,Usmile,1,usmile笑容加 小海马牙线棒(双线清新)50支*4盒共200支便携牙签牙线,https://item.jd.com/100219024597.html,,,,1.00E+11,12/21/2025,,333,101-500,160,101-500,,,,,,,
JINGDONG,JINGDONG,ORAL CARE,Usmile,1,usmile笑容加 小海马牙线棒(双线含氟抗龋)50支*4盒共200支便携牙签牙线,https://item.jd.com/100219024629.html,,,,1.00E+11,12/21/2025,,282,101-500,122,101-500,,,,,,,
JINGDONG,JINGDONG,ORAL CARE,Oral B,0,欧乐B（Oral-B）强效美白防蛀清新3合1亮白牙膏 美白护龈去黄去渍清新口气75ml/支,https://item.jd.com/100278154622.html,,,,1.00E+11,12/20/2025,,2,1-100,1,1-100,,,,,,,
JINGDONG,JINGDONG,ORAL CARE,Usmile,1,笑容加刷头缓震基础清洁款-6支装替换头适配P10P20PRO牙刷头成人,https://item.jd.com/100292517784.html,,,,1.00E+11,12/21/2025,,15,1-100,6,1-100,,,,,,,
JINGDONG,JINGDONG,ORAL CARE,Usmile,1,笑容加刷头缓震基础清洁款-8支装替换头适配P10P20PRO牙刷头成人,https://item.jd.com/100291504582.html,,,,1.00E+11,12/16/2025,,9,1-100,4,1-100,,,,,,,
DOUYIN,DOUYIN,POWER BRUSH,Usmile,1,usmile笑容加电动牙刷成人男女情侣款礼物智能电刷Y30Pro,https://haohuo.jinritemai.com/views/product/detail?id=3787325154879733920,https://item.jd.com/100271674140.html,,,3.79E+18,12/13/2025,,1,1-100,1,1-100,Power Brush,Yx,Mid,Y30 PRO,Adults,Y30PRO,
JINGDONG,JINGDONG,POWER BRUSH,Oral B,0,欧乐B成人电动牙刷iO7系智能可视磁波刷 白色刷头*7深度清洁牙龈呵护送生日礼物（新老包装随机）,https://item.jd.com/100220217357.html,,,,1.00E+11,12/17/2025,,7,1-100,5,1-100,,,,,,,
DOUYIN,DOUYIN,ORAL CARE,Usmile,1,【双十一特批】usmile笑容加青少年美白清新口气香水含氟防蛀牙膏,https://haohuo.jinritemai.com/views/product/detail?id=3777846080411140201,https://item.jd.com/100090650949.html,,,3.78E+18,12/15/2025,,90,1-100,17,1-100,,,,,,,
DOUYIN,DOUYIN,ORAL CARE,Usmile,1,usmile笑容加儿童防蛀牙膏氟钙双护12小时长效防蛀固齿换牙期zb,https://haohuo.jinritemai.com/views/product/detail?id=3780888633146474794,https://item.jd.com/100114660585.html,,,3.78E+18,11/12/2025,,15,1-100,6,1-100,,,,,,,
DOUYIN,DOUYIN,ORAL CARE,Usmile,1,usmile笑容加吸色亮白牙膏清新口气亮白冰川泥含氟 zb,https://haohuo.jinritemai.com/views/product/detail?id=3780889685539291565,https://item.jd.com/100200735485.html,,,3.78E+18,10/29/2025,,24,1-100,8,1-100,,,,,,,
DOUYIN,DOUYIN,ORAL CARE,Usmile,1,usmile笑容加专效护龈抑菌清洁漱口水温和清新瓶装家用三支装zb,https://haohuo.jinritemai.com/views/product/detail?id=3701853787577778363,https://item.jd.com/100206883699.html,,,3.70E+18,12/12/2025,,16,1-100,2,1-100,,,,,,,
DOUYIN,DOUYIN,ORAL CARE,Usmile,1,usmile笑容加双线牙线棒家用便携式超细滑一次性牙线薄荷味推荐sc,https://haohuo.jinritemai.com/views/product/detail?id=3615372875286114210,https://item.jd.com/100207977935.html,,,3.62E+18,12/16/2025,,476,101-500,27,1-100,,,,,,,
DOUYIN,DOUYIN,ORAL CARE,Usmile,1,【牙齿素颜霜】usmile笑容加无损美白牙膏修护洁白去黄清新不伤牙,https://haohuo.jinritemai.com/views/product/detail?id=3693311007238783102,https://item.jd.com/100208651081.html,,,3.69E+18,12/16/2025,,1641,1001-5000,12,1-100,,,,,,,
DOUYIN,DOUYIN,ORAL CARE,Usmile,1,【一支三用】usmile笑容加双线牙线棒家庭装口腔清新抗龋便携式zb,https://haohuo.jinritemai.com/views/product/detail?id=3678272673407959420,https://item.jd.com/100215833661.html,,,3.68E+18,12/15/2025,,139,101-500,1,1-100,,,,,,,
DOUYIN,DOUYIN,ORAL CARE,Usmile,1,usmile笑容加卓效牙膏美白清新口气含氟4支装zb,https://haohuo.jinritemai.com/views/product/detail?id=3685639749206409342,https://item.jd.com/100262210426.html,,,3.69E+18,12/16/2025,,262,101-500,3,1-100,,,,,,,
DOUYIN,DOUYIN,ORAL CARE,Usmile,1,usmile笑容加双线牙线棒超细家庭装清新口腔清洁便携牙线棒,https://haohuo.jinritemai.com/views/product/detail?id=3638177165742321269,https://item.jd.com/100274649296.html,,,3.64E+18,12/14/2025,,60,1-100,1,1-100,,,,,,,
DOUYIN,DOUYIN,ORAL CARE,Usmile,1,【牙齿素颜霜】usmile笑容加卓效无损美白牙膏修护去黄不伤牙100gzb,https://haohuo.jinritemai.com/views/product/detail?id=3694794164890894700,https://item.jd.com/100277296332.html,,,3.69E+18,12/16/2025,,164,101-500,9,1-100,,,,,,,
DOUYIN,DOUYIN,ORAL CARE,Usmile,1,【官旗正品】usmile笑容加焕白清新牙膏清新口气亮白含氟香水牙膏,https://haohuo.jinritemai.com/views/product/detail?id=3697890928485335154,https://item.jd.com/100284251978.html,,,3.70E+18,12/16/2025,,8782,5001-10000,1602,1001-2000,,,,,,,
DOUYIN,DOUYIN,ORAL CARE,Usmile,1,【重磅新品】usmile笑容加焕白清新口气牙膏亮白去渍锁白含氟tzb,https://haohuo.jinritemai.com/views/product/detail?id=3734859034885489490,https://item.jd.com/100284252036.html,,,3.73E+18,11/6/2025,,111,101-500,1,1-100,,,,,,,
DOUYIN,DOUYIN,ORAL CARE,Usmile,1,【金靖同款】usmile笑容加焕白清新牙膏香水爆珠清新口气去黄亮白氟,https://haohuo.jinritemai.com/views/product/detail?id=3735385221940510772,https://item.jd.com/10166818293843.html,,,3.74E+18,12/18/2025,,3520,1001-5000,662,501-1000,,,,,,,
DOUYIN,DOUYIN,ORAL CARE,Usmile,1,【亲嘴神器】usmile笑容加焕白清新口气牙膏亮白去渍锁白含氟牙膏sc,https://haohuo.jinritemai.com/views/product/detail?id=3743947175055458491,https://item.jd.com/10182353903678.html,,,3.74E+18,12/16/2025,,31,1-100,3,1-100,,,,,,,
DOUYIN,DOUYIN,ORAL CARE,Usmile,1,usmile笑容加双线清新牙线100支*袋体验装【达人专享】zb,https://haohuo.jinritemai.com/views/product/detail?id=3685480534735192347,https://item.jd.com/10184631871051.html,,,3.69E+18,12/9/2025,,183,101-500,3,1-100,,,,,,,
